Time,Value,Anomaly Score,Is Anomaly
0.0,0.04967141530112327,-54197.73628293994,False
0.01001001001001001,-0.0038165872739392825,-23139.99680298212,False
0.02002002002002002,0.08478753651554273,-3439.522302687452,False
0.03003003003003003,0.1823285023472987,-8261.732940894497,False
0.04004004004004004,0.016614004694513046,-1024529.5930221579,False
0.050050050050050046,0.02661546101366057,-1050819.945318674,False
0.06006006006006006,0.2179452399063768,-2354.422369723685,False
0.07007007007007007,0.14675621854954946,-285499.7074065413,False
0.08008008008008008,0.03304707907981758,-507861.29330386425,False
0.09009009009009009,0.14422427866319143,-520622.5807187806,False
0.10010010010010009,0.05359124688179302,-1288403.09109633,False
0.11011011011011011,0.06331476942982957,-975742.312286845,False
0.12012012012012012,0.1440276898741767,-109444.71016910298,False
0.13013013013013014,-0.06156485086579053,-4407.639118012523,False
0.14014014014014015,-0.032809900969304445,-35517.724866814846,False
0.15015015015015015,0.09335784199021394,-106129.94327804876,False
0.16016016016016016,0.058193207016589824,-162365.7843736303,False
0.17017017017017017,0.2007747970036344,-44732.781108087125,False
0.18018018018018017,0.08840443210049123,-156959.26352108334,False
0.19019019019019018,0.04781528899835888,-63334.63274186009,False
0.20020020020020018,0.34543041322965395,-682.2705756774741,False
0.21021021021021022,0.18608785727436047,-135312.8770549735,False
0.22022022022022023,0.22519735060739351,-106745.7444395614,False
0.23023023023023023,0.08572686630806828,-46722.44542249857,False
0.24024024024024024,0.18349770158125672,-95904.80456129792,False
0.2502502502502503,0.2587386810521228,-73900.16453278741,False
0.2602602602602603,0.1422326983475803,-37160.38461817531,False
0.2702702702702703,0.3045617073990319,-27096.521315541624,False
0.2802802802802803,0.21656113360148094,-94437.65686422786,False
0.2902902902902903,0.2570610069660168,-278819.1774270852,False
0.3003003003003003,0.23563641994361423,-211423.3534699996,False
0.3103103103103103,0.49058195912775726,-95.67975554756002,False
0.3203203203203203,0.3135208813922365,-31612.32654765177,False
0.3303303303303303,0.21858442429395514,-535829.7287972783,False
0.34034034034034033,0.4160624214744997,-12257.621984372747,False
0.35035035035035034,0.22114253096611342,-407950.163522464,False
0.36036036036036034,0.37349783001181336,-20704.292490165823,False
0.37037037037037035,0.16599370119123288,-2598.0289767470135,False
0.38038038038038036,0.23845508348784858,-98484.3308902242,False
0.39039039039039036,0.40023558533861336,-497387.0188442441,False
0.40040040040040037,0.4636337622732618,-7333.758372339716,False
0.41041041041041043,0.41612251845592113,-501568.22583869146,False
0.42042042042042044,0.3965794700090964,-2282990.6351491977,False
0.43043043043043044,0.38715164076017966,-1792142.3187750299,False
0.44044044044044045,0.2784857139238857,-18582.489283342285,False
0.45045045045045046,0.36338667593243185,-23818.03015343407,False
0.46046046046046046,0.3982967795367789,-58610.19200722867,False
0.47047047047047047,0.5590179144160077,-14083.426935541755,False
0.4804804804804805,0.4965671349250978,-42700.21254222069,False
0.4904904904904905,0.2947545918823235,-1761.9458096246738,False
0.5005005005005005,0.5122731059885738,-80492.1899098885,False
0.5105105105105106,0.45011450045145107,-196323.9508948701,False
0.5205205205205206,0.42963958817111486,-70857.38929213466,False
0.5305305305305306,0.5671586444159527,-55994.51734227749,False
0.5405405405405406,0.6176994950832086,-436349.4072120057,False
0.5505505505505506,0.6162845194487542,-539794.7484367491,False
0.5605605605605606,0.4477392999168901,-67828.80817409077,False
0.5705705705705706,0.5091910872037325,-61173.82323495994,False
0.5805805805805806,0.5816358215136135,-125507.86131713027,False
0.5905905905905906,0.6544061843143134,-56282.36716751404,False
0.6006006006006006,0.5172206448074981,-67931.74043932823,False
0.6106106106106106,0.5548019413841895,-56821.38880309084,False
0.6206206206206206,0.47090666095852074,-487082.95963413076,False
0.6306306306306306,0.4700335452476047,-280028.70940241095,False
0.6406406406406406,0.6789617561562477,-72991.10402604633,False
0.6506506506506506,0.7413282528963743,-16339.70470508995,False
0.6606606606606606,0.6064376227626909,-22283.70072838421,False
0.6706706706706707,0.7218648233292169,-141422.25646152272,False
0.6806806806806807,0.6654857595417065,-190585.72819712572,False
0.6906906906906907,0.5725577473307117,-8314.638519773023,False
0.7007007007007007,0.6808930150517656,-132674.20461465608,False
0.7107107107107107,0.806176238906843,-46263.8041170358,False
0.7207207207207207,0.6563437387256794,-127356.36249767272,False
0.7307307307307307,0.8238783443288714,-33004.911904999564,False
0.7407407407407407,0.41286022992653715,-463.9908111583236,False
0.7507507507507507,0.7643781342819881,-42601.99237945283,False
0.7607607607607607,0.6981773793171137,-237879.0294864526,False
0.7707707707707707,0.6667876413035015,-112075.28368185535,False
0.7807807807807807,0.7130103500587344,-202377.95699089943,False
0.7907907907907907,0.5121527531835419,-1314.1622873920253,False
0.8008008008008007,0.6959465953331748,-422068.26959385007,False
0.8108108108108109,0.7605572461652236,-31184.678782546926,False
0.8208208208208209,0.8794949692059388,-3769.322500148184,False
0.8308308308308309,0.6866648021169675,-212853.0296983138,False
0.8408408408408409,0.6643547263828316,-79788.48438961423,False
0.8508508508508509,0.7016659759916621,-501823.2320313531,False
0.8608608608608609,0.849944151665109,-84992.84683820438,False
0.8708708708708709,0.7977653187375888,-72436.34093726483,False
0.8808808808808809,0.7183238136830058,-187528.6463437794,False
0.8908908908908909,0.828958919829388,-132508.7107405805,False
0.9009009009009009,0.793594355584134,-255449.67955614906,False
0.9109109109109109,0.8869269788168879,-15515.118343074342,False
0.9209209209209209,0.7259538856533484,-67996.02808281087,False
0.9309309309309309,0.7694099209344062,-708595.136213046,False
0.9409409409409409,0.7689018832154643,-850060.9220202953,False
0.950950950950951,0.6676167941909408,-5586.113142752588,False
0.960960960960961,0.8493543480000327,-1165352.2524777094,False
0.970970970970971,0.8515397410600978,-714332.4090577214,False
0.980980980980981,0.8315547449893186,-1890829.1128240908,False
0.990990990990991,0.8131106013675743,-1103475.951819016,False
1.001001001001001,0.7004743320833591,-9326.000139133088,False
1.011011011011011,0.8053045965038129,-545415.1583857833,False
1.021021021021021,0.8183704936873365,-1103592.4504005606,False
1.031031031031031,0.7776016007118407,-26520.681492690685,False
1.0410410410410411,0.8468021847227918,-158455.19373616294,False
1.0510510510510511,0.9083508046272617,-74164.33464783152,False
1.0610610610610611,1.0614923044276925,-527.9781636215245,False
1.0710710710710711,0.8951720294725789,-792730.0429130042,False
1.0810810810810811,0.9082218746474517,-658413.7032576147,False
1.0910910910910911,0.8796864086806563,-329749.77483693056,False
1.1011011011011012,0.699829153358984,-1458.791139090448,False
1.1111111111111112,0.8935408134850347,-1250652.7394430148,False
1.1211211211211212,0.9066113501871865,-513803.03423587285,False
1.1311311311311312,1.151218430137115,-1411.5800634855486,False
1.1411411411411412,0.889873342190513,-350989.72353805095,False
1.1511511511511512,0.9433883004038005,-7125.29364306807,False
1.1611611611611612,0.91379501118814,-154885.5831052584,False
1.1711711711711712,0.8043390968047865,-8188.648388211055,False
1.1811811811811812,1.039337589988898,-104862.39886798454,False
1.1911911911911912,1.0040043297308947,-567464.458429552,False
1.2012012012012012,1.011576872724587,-316584.8629037056,False
1.2112112112112112,0.8451041507363951,-33405.36364740055,False
1.2212212212212212,1.0797977545088382,-1333.1031773285251,False
1.2312312312312312,0.8027145051031903,-28605.59631455666,False
1.2412412412412412,1.0048721306942254,-114647.5262946594,False
1.2512512512512513,1.1684239864549735,-1943.7206490417777,False
1.2612612612612613,0.8534216667117368,-35910.15993664364,False
1.2712712712712713,0.8988469641011617,-122897.72338631035,False
1.2812812812812813,0.9683475731501777,-36925.13490247452,False
1.2912912912912913,0.9108445414035705,-44845.02095366429,False
1.3013013013013013,0.8088391229487111,-14217.797821876484,False
1.3113113113113113,0.9733785399652776,-56878.535392664104,False
1.3213213213213213,0.8628118025310364,-148281.01241024758,False
1.3313313313313313,1.0188242508799819,-35569.64961329275,False
1.3413413413413413,0.8818480780330863,-279730.96808483143,False
1.3513513513513513,1.1310118623121939,-9547.50708286662,False
1.3613613613613613,0.8998232164083351,-162672.51271585817,False
1.3713713713713713,0.94797450789319,-31807.56228794888,False
1.3813813813813813,1.0634662815460836,-21320.743257168735,False
1.3913913913913913,0.8608636211088673,-97365.8333280973,False
1.4014014014014013,1.0084329478882008,-132879.20848151317,False
1.4114114114114114,1.1180393662273183,-17616.26649467322,False
1.4214214214214214,0.8281159742696165,-16007.457724442625,False
1.4314314314314314,1.0087678068333015,-1092720.7753871826,False
1.4414414414414414,1.017633595687335,-1063097.260450623,False
1.4514514514514514,1.0710691363937475,-92623.92879160185,False
1.4614614614614614,0.8703338243518975,-109368.89649582368,False
1.4714714714714714,0.8630256791927139,-113962.94718861427,False
1.4814814814814814,1.0482082365095775,-893740.4834826225,False
1.4914914914914914,1.0265554866412763,-4105750.4419698417,False
1.5015015015015014,1.0226493591838655,-3923216.8924338925,False
1.5115115115115114,1.0328879909378506,-2886244.148095301,False
1.5215215215215214,0.9307837702388759,-43682.99609038531,False
1.5315315315315314,1.02245460667553,-2308761.071623548,False
1.5415415415415414,1.0288793566183174,-2521655.6616029,False
1.5515515515515514,0.9283796832255237,-107308.28349871737,False
1.5615615615615615,1.186534810973052,-366.42022313206775,False
1.5715715715715715,1.0473829915889619,-451344.39915118646,False
1.5815815815815815,0.880811489983107,-42322.6060036417,False
1.5915915915915915,1.0654391471362459,-667860.8898169546,False
1.6016016016016015,0.902057388020393,-169374.15905191016,False
1.6116116116116117,1.0778756322630345,-481023.1656662786,False
1.6216216216216217,1.1145682306203957,-40361.24367700154,False
1.6316316316316317,0.916081871641923,-109003.20954179241,False
1.6416416416416417,1.0938291330538763,-392859.35789884854,False
1.6516516516516517,1.0380110813600534,-9830.082561919904,False
1.6616616616616617,1.0780806010918675,-162119.83239746842,False
1.6716716716716717,1.1845956936844613,-1524.554621546167,False
1.6816816816816818,0.969319704056152,-15811.029746279264,False
1.6916916916916918,0.9173274353677721,-1092313.6542468062,False
1.7017017017017018,0.9024926768750174,-299364.68060457293,False
1.7117117117117118,0.9085068172059505,-851792.6273231859,False
1.7217217217217218,0.980922194354825,-196670.0101332688,False
1.7317317317317318,1.0211930219388141,-530345.2827899955,False
1.7417417417417418,1.013093458882397,-736841.2712823418,False
1.7517517517517518,1.0663905193509273,-56135.890941847436,False
1.7617617617617618,0.9831216357066775,-243317.92966602973,False
1.7717717717717718,1.1252257283237623,-1030.3053132414755,False
1.7817817817817818,0.9513593286923316,-62084.4919039928,False
1.7917917917917918,1.2476966425413618,-90.93649401882607,False
1.8018018018018018,1.036003411939869,-100419.99193156253,False
1.8118118118118118,0.8853803349696835,-87479.83956559736,False
1.8218218218218218,0.861568950945636,-28849.246704865047,False
1.8318318318318318,1.01437049338425,-195917.54708933132,False
1.8418418418418419,0.9411452194037987,-62824.044071391596,False
1.8518518518518519,1.0321632520906454,-153876.61566202843,False
1.8618618618618619,1.0052624019261647,-164733.51731185627,False
1.8718718718718719,0.9477352000525373,-60610.449671580915,False
1.8818818818818819,0.8673224790601977,-26922.417447577343,False
1.8918918918918919,0.79740549787234,-16545.31650577378,False
1.901901901901902,0.9010320163168977,-69424.32567583186,False
1.911911911911912,1.0280219251579088,-19574.544318946282,False
1.921921921921922,0.960395528164935,-451403.90194132825,False
1.931931931931932,0.8109222979980146,-76156.32734104987,False
1.941941941941942,0.9492305543564885,-431315.9017338599,False
1.951951951951952,0.9667671085174996,-234249.1242615449,False
1.961961961961962,0.8360795270114061,-26059.010432560215,False
1.971971971971972,0.935975050388623,-741470.5091273809,False
1.981981981981982,0.9224684369204267,-216348.28004295184,False
1.991991991991992,0.7983037129800725,-53103.38715907405,False
2.002002002002002,3.444241214380248,-2.064647408452659e-05,False
2.012012012012012,0.9603116391113811,-146406.14225985712,False
2.022022022022022,1.008218415240853,-171673.89921562982,False
2.032032032032032,1.0008834297464309,-234940.8430140938,False
2.042042042042042,0.7532364924239803,-6759.357271816487,False
2.052052052052052,0.7926318518391384,-12357.669382214612,False
2.062062062062062,0.9332399909193826,-3645897.73912634,False
2.0720720720720722,0.928348818136741,-12522994.070806274,False
2.0820820820820822,0.9236208785770736,-6650178.601615681,False
2.0920920920920922,1.2524477603463642,-1.1327273676885394,False
2.1021021021021022,0.919235273253623,-1008197.456679341,False
2.1121121121121122,0.9705880105166621,-15029.169757542506,False
2.1221221221221223,0.9472309730708808,-336772.1639065743,False
2.1321321321321323,0.9116839190860803,-620694.9796640495,False
2.1421421421421423,0.8096470433910292,-30528.462494562566,False
2.1521521521521523,0.9116157786234728,-74976.38018774157,False
2.1621621621621623,0.7528974852582146,-23178.71937804895,False
2.1721721721721723,0.8008761125843263,-172361.65192671964,False
2.1821821821821823,0.770316964755039,-180216.4602398081,False
2.1921921921921923,0.8212540310927137,-217025.948672342,False
2.2022022022022023,1.0386643025985502,-43.229637920842144,False
2.2122122122122123,0.6145228745977379,-31903.49969859558,False
2.2222222222222223,0.8638460760605005,-62777.32315237937,False
2.2322322322322323,0.6278394524469606,-191728.3533392411,False
2.2422422422422423,0.7357297670268724,-20965.872635817952,False
2.2522522522522523,0.8855514788823506,-28998.899362879823,False
2.2622622622622623,0.776740066118255,-41796.62560797695,False
2.2722722722722724,0.6561160465831356,-234855.4700684062,False
2.2822822822822824,0.6858620721965373,-128248.09631632821,False
2.2922922922922924,0.818778246445837,-22657.772002825874,False
2.3023023023023024,0.671132605202284,-317138.03818027425,False
2.3123123123123124,0.7590913587922093,-87918.7704517196,False
2.3223223223223224,0.7352050236407953,-87766.48190504935,False
2.3323323323323324,0.658616934184527,-151492.29701883512,False
2.3423423423423424,0.931227985108189,-345.2409985379777,False
2.3523523523523524,0.7732102592980901,-91963.59727985582,False
2.3623623623623624,0.5002177558724381,-406.9026297751149,False
2.3723723723723724,0.71422069011605,-39348.49046052485,False
2.3823823823823824,0.6221701599952787,-59822.50164370437,False
2.3923923923923924,0.7662967156034836,-64341.02592879983,False
2.4024024024024024,0.5944376427486756,-67514.79828121261,False
2.4124124124124124,0.6547849035650185,-58901.72928219777,False
2.4224224224224224,0.7092593479803317,-90652.80847299554,False
2.4324324324324325,0.7377722044090184,-62313.42741764564,False
2.4424424424424425,0.5235378596375309,-27313.335378156116,False
2.4524524524524525,0.6024237069917087,-144648.17426917696,False
2.4624624624624625,0.5806219154755804,-445266.9333495659,False
2.4724724724724725,0.5549632024190698,-118884.00962515682,False
2.4824824824824825,0.7889590754501702,-31737.549588586913,False
2.4924924924924925,0.6449679847443232,-107730.37939148389,False
2.5025025025025025,0.4703770128897227,-15998.038379095675,False
2.5125125125125125,0.6801874321896582,-226186.42338711955,False
2.5225225225225225,0.7924937288579441,-4574.449993996436,False
2.5325325325325325,0.675343363328945,-482521.3420104163,False
2.5425425425425425,0.41192124499928284,-12642.784328021618,False
2.5525525525525525,0.5071397403354865,-25616.50361752247,False
2.5625625625625625,0.6739035014387424,-87015.92119487158,False
2.5725725725725725,0.4680398484684958,-38154.90367575504,False
2.5825825825825826,0.5747291582033752,-75618.10958766069,False
2.5925925925925926,0.599297900583493,-29286.83097260729,False
2.6026026026026026,0.42057644039797976,-32240.0842671311,False
2.6126126126126126,0.4987005149374356,-21427.96286206172,False
2.6226226226226226,0.17185931355950257,-39.33267748022357,False
2.6326326326326326,0.3848305829197923,-56141.70690295952,False
2.6426426426426426,0.4532470072734507,-30652.06224379224,False
2.6526526526526526,0.3449120337494296,-79706.41561806209,False
2.6626626626626626,0.6240709491508425,-7449.227418515568,False
2.6726726726726726,0.3089089728726706,-63708.64490163414,False
2.6826826826826826,0.398966671456755,-43279.4485365646,False
2.6926926926926926,0.44704880184409823,-39012.32796137733,False
2.7027027027027026,0.5690622129745044,-16753.164524795604,False
2.7127127127127126,0.27226623065484956,-51530.80542206817,False
2.7227227227227226,0.5230447145011337,-14170.313823781738,False
2.7327327327327327,0.39858678493896105,-125666.58777223698,False
2.7427427427427427,0.29020791763619447,-246057.80865087887,False
2.7527527527527527,0.42532552072953905,-70659.61968552352,False
2.7627627627627627,0.38973954628572516,-214193.8454526748,False
2.7727727727727727,0.300493235311608,-500460.46213793446,False
2.7827827827827827,0.3581403544236452,-241390.21570483342,False
2.7927927927927927,0.30323882307731875,-203323.99848828922,False
2.8028028028028027,0.34369770893843987,-133381.02751900852,False
2.8128128128128127,0.38910153262683156,-30012.880098476628,False
2.8228228228228227,0.4720002842996194,-32085.71545397559,False
2.8328328328328327,0.18009578794083425,-3314.689914851151,False
2.8428428428428427,0.5076289620812917,-5136.309780037163,False
2.8528528528528527,0.08953564018581286,-854.1329031185397,False
2.8628628628628627,0.2599561749187052,-46046.68262184854,False
2.8728728728728727,0.3243291010070895,-38470.69124494047,False
2.8828828828828827,0.2839326603733703,-73165.77350554247,False
2.8928928928928928,0.18387398048218434,-323826.089719238,False
2.9029029029029028,0.21561750280285996,-129463.36379059905,False
2.9129129129129128,0.17739173961510915,-582292.7890343468,False
2.9229229229229228,0.15799474822886994,-493079.689185093,False
2.932932932932933,0.29210908807538916,-69476.58359971069,False
2.942942942942943,0.23304732521326216,-120959.91836876457,False
2.952952952952953,0.11823194139317666,-43992.77500225204,False
2.962962962962963,0.26764122307094296,-163768.83419822765,False
2.972972972972973,0.19855171865914015,-151126.2224812569,False
2.982982982982983,0.23923169384822415,-276737.666791083,False
2.992992992992993,0.2110162554969472,-218728.89243446817,False
3.003003003003003,0.055246924684228677,-106630.77481162762,False
3.013013013013013,0.0722075340308101,-353468.3446773664,False
3.023023023023023,0.19302136269673553,-199752.86009502868,False
3.033033033033033,0.16938354006647588,-56618.93342682748,False
3.043043043043043,0.09630000920288279,-2002068.955534451,False
3.053053053053053,0.10015670336421423,-2305226.404848612,False
3.063063063063063,0.20621539101233988,-38166.25393892903,False
3.073073073073073,0.00930883841222202,-185406.88410088685,False
3.083083083083083,0.11318593102090779,-284323.89465878526,False
3.093093093093093,0.028261283985443718,-170755.20062752973,False
3.103103103103103,0.016711927506006245,-395707.34272993053,False
3.113113113113113,0.13835337594718577,-98466.54915956136,False
3.123123123123123,0.10101011531806592,-587396.5129867767,False
3.133133133133133,0.0898103831582891,-692980.3999680452,False
3.143143143143143,0.12899739178331726,-47320.705785656326,False
3.153153153153153,-0.009459857901021124,-65450.93240741411,False
3.163163163163163,0.0466264602630734,-40652.48477536573,False
3.173173173173173,-0.0626019461420073,-307449.3991121677,False
3.183183183183183,-0.009161905024886743,-244172.8108674665,False
3.193193193193193,-0.06459194935413065,-752154.2706337782,False
3.203203203203203,-0.05187198300946072,-875668.9803191819,False
3.2132132132132134,-0.012043643117164278,-113386.62538474401,False
3.2232232232232234,-0.1633620099282656,-6425.531746827659,False
3.2332332332332334,0.11772636027798622,-124.26817277927837,False
3.2432432432432434,-0.20207736163604445,-75983.75861087542,False
3.2532532532532534,-0.2328475731573071,-61670.50186476863,False
3.2632632632632634,-0.005559547823812572,-14132.483904223207,False
3.2732732732732734,-0.052134127800254476,-244326.9142425235,False
3.2832832832832834,-0.07880502128467483,-1103892.823795697,False
3.2932932932932935,-0.08828490798883575,-832549.5879335449,False
3.3033033033033035,-0.1622314500365864,-30464.69786307079,False
3.3133133133133135,-0.2606033909448229,-85245.14123618309,False
3.3233233233233235,-0.17315155714187855,-118180.70847932494,False
3.3333333333333335,-0.2582841340266966,-292934.2674256393,False
3.3433433433433435,-0.10287284464026054,-12189.065521796481,False
3.3533533533533535,-0.22488733278749873,-150279.4362392573,False
3.3633633633633635,-0.302507030888717,-105619.00658760087,False
3.3733733733733735,-0.26184957234231987,-87289.10388511984,False
3.3833833833833835,-0.19814850279918494,-31224.406130608084,False
3.3933933933933935,-0.30552077163212515,-161713.17256857973,False
3.4034034034034035,-0.3410520595056639,-199223.90406817128,False
3.4134134134134135,-0.24411706776792694,-610298.1169112803,False
3.4234234234234235,-0.25361799864227513,-610901.6933255376,False
3.4334334334334335,-0.3384099731869282,-970238.3004229702,False
3.4434434434434436,-0.3443916571539129,-1090228.4507274816,False
3.4534534534534536,-0.28362521571778504,-62086.99150052873,False
3.4634634634634636,-0.46115028224230614,-121723.53915627974,False
3.4734734734734736,-0.46656816688572067,-207601.48143341116,False
3.4834834834834836,-0.40711350576022654,-69200.98636386711,False
3.4934934934934936,-0.3660274992107005,-60435.470986374974,False
3.5035035035035036,-0.32297119085413095,-64045.93003491543,False
3.5135135135135136,-0.21587001227613445,-1132.8298214778595,False
3.5235235235235236,-0.28694694515840624,-33281.45435248512,False
3.5335335335335336,-0.39797668834901545,-1513083.7392141086,False
3.5435435435435436,-0.3931161095417504,-1021503.6476445232,False
3.5535535535535536,-0.5006598791320955,-24867.175353600967,False
3.5635635635635636,-0.4114105896234584,-375175.2701161634,False
3.5735735735735736,-0.4475364356523154,-83883.26703183122,False
3.5835835835835836,-0.39546806089580555,-937198.3480024697,False
3.5935935935935936,-0.5194894971438683,-36732.232843475074,False
3.6036036036036037,-0.39381447346420617,-449867.0179276704,False
3.6136136136136137,-0.30141329186448196,-1610.8669552420058,False
3.6236236236236237,-0.4744556968749246,-48659.88901480979,False
3.6336336336336337,-0.4322545582483091,-219343.07508495473,False
3.6436436436436437,-0.4122100429112131,-62858.43428311765,False
3.6536536536536537,-0.5300969824639994,-49216.880038033276,False
3.6636636636636637,-0.4762670850617108,-241937.9226130642,False
3.6736736736736737,-0.5060685240307446,-1521156.9148600826,False
3.6836836836836837,-0.5061607511503146,-2009421.559286183,False
3.6936936936936937,-0.6017782405419229,-10037.763881046938,False
3.7037037037037037,-0.5305225935412547,-74816.73486808203,False
3.7137137137137137,-0.49161672698337666,-342632.00413429044,False
3.7237237237237237,-0.40469089082061444,-19315.65227687444,False
3.7337337337337337,-0.46221177429242966,-70118.93313291312,False
3.7437437437437437,-0.35109829123647895,-4865.827057846086,False
3.7537537537537538,-0.6513722187298708,-51000.82379051088,False
3.7637637637637638,-0.4955687458568545,-33298.414622869495,False
3.7737737737737738,-0.5725715597143685,-8104.1447491263825,False
3.7837837837837838,-0.37997120928542283,-6748.177852771726,False
3.793793793793794,-0.6877670588423312,-1071619.9630803193,False
3.803803803803804,-0.6988343274395262,-928558.7201177656,False
3.813813813813814,-0.6826647118234658,-1278690.1179426648,False
3.823823823823824,-0.8429159270117917,-419.08924970923596,False
3.833833833833834,-0.6908395856480392,-595560.3459570637,False
3.843843843843844,-0.7218511248156032,-185645.31991762153,False
3.853853853853854,-0.6385075325658436,-401018.84450143186,False
3.863863863863864,-0.6269148811389542,-396451.51633637096,False
3.873873873873874,-0.48095072138684425,-4480.004760721737,False
3.883883883883884,-0.5809357579460326,-35151.70051473761,False
3.893893893893894,-0.7410111111397858,-51623.55160025848,False
3.903903903903904,-0.7804363481450283,-37550.05270884614,False
3.913913913913914,-0.6486079020594582,-18821.483062640564,False
3.923923923923924,-0.8369581589444148,-15584.333613258874,False
3.933933933933934,-0.5288533465964017,-12521.522266998005,False
3.943943943943944,-0.6010482541088571,-108694.43515420036,False
3.953953953953954,-0.7728308317511089,-102548.13899025333,False
3.963963963963964,-0.9040749836893581,-2655.532321481209,False
3.973973973973974,-0.6041491352909361,-126329.17238299007,False
3.983983983983984,-0.7576910980119935,-112272.09569555939,False
3.993993993993994,-0.6290814505100543,-61407.49128077043,False
4.004004004004004,1.5811436206695417,-5.85828545651633e-05,False
4.014014014014014,-0.825825554653204,-27670.23222594672,False
4.024024024024024,-0.7717613797206914,-863049.8686070138,False
4.034034034034034,-0.7739080050327543,-1101220.4269599894,False
4.044044044044044,-0.8298549103637621,-223108.81518162313,False
4.054054054054054,-0.728727027402595,-28737.666103998276,False
4.064064064064064,-0.903858462016841,-14202.608557891044,False
4.074074074074074,-0.8173388973882161,-312991.1657568225,False
4.084084084084084,-0.796995445238004,-514629.00515974034,False
4.094094094094094,-0.7634241206544409,-477824.8355138457,False
4.104104104104104,-0.7494678625655324,-461768.8576524167,False
4.114114114114114,-0.9387726792514868,-20128.04186271045,False
4.124124124124124,-0.9853162111689655,-6372.3159569511145,False
4.134134134134134,-0.7096500795190146,-96402.75330321745,False
4.1441441441441444,-0.8096154193137287,-48367.796397683785,False
4.1541541541541545,-0.9230400801707453,-43075.39606983249,False
4.1641641641641645,-0.698335846640164,-113387.13907391929,False
4.1741741741741745,-0.8470576831035104,-130324.11878879188,False
4.1841841841841845,-0.7457834966875673,-39544.055561816625,False
4.1941941941941945,-0.8619628919131253,-133935.34311445817,False
4.2042042042042045,-0.6675544277750375,-5030.4962314252725,False
4.2142142142142145,-0.7029220790486479,-55404.985663436266,False
4.2242242242242245,-0.9080915003341373,-8285.97257070738,False
4.2342342342342345,-0.7906884169101227,-84445.72456839455,False
4.2442442442442445,-0.8278693819221953,-101494.83985717519,False
4.2542542542542545,-0.7600158673021162,-53420.627031461125,False
4.2642642642642645,-0.9977535484908632,-11657.478350110148,False
4.2742742742742745,-0.8369479299213477,-93116.57563207677,False
4.2842842842842845,-0.8039117647919869,-66596.07498964207,False
4.2942942942942945,-1.0897381427906963,-30496.587824512248,False
4.3043043043043046,-1.0362084573842272,-17970.402669828818,False
4.314314314314315,-1.1257322645180263,-14326.988763748675,False
4.324324324324325,-0.9525838060386949,-45964.7735204767,False
4.334334334334335,-0.8576302239223782,-19457.41161154341,False
4.344344344344345,-0.7827969473766694,-119529.2398907951,False
4.354354354354355,-0.9291778882571624,-80927.37437937142,False
4.364364364364365,-0.7771866799030407,-35085.865744211944,False
4.374374374374375,-1.081425056113717,-18600.78011677472,False
4.384384384384385,-1.1170253003917172,-29170.78949889934,False
4.394394394394395,-0.9554191149744619,-405371.35640813614,False
4.404404404404405,-0.9145399129214754,-75903.93979924535,False
4.414414414414415,-0.9592025606313868,-725378.9680661303,False
4.424424424424425,-1.1655681398499769,-2362.1649426876443,False
4.434434434434435,-0.9705307041776995,-165992.9406241404,False
4.444444444444445,-1.0947640669792635,-77213.91460015453,False
4.454454454454455,-0.8999516546901518,-38851.61542885296,False
4.464464464464465,-0.9327639928516401,-53870.75366262582,False
4.474474474474475,-1.0658195682355949,-145464.24044047028,False
4.484484484484485,-1.0255286764739506,-86158.633700827,False
4.494494494494495,-1.0822761235621323,-281106.2381173429,False
4.504504504504505,-0.9847376375090099,-25846.40635322682,False
4.514514514514515,-0.8849724099980265,-6323.610203108686,False
4.524524524524525,-1.0809779167124363,-280491.1242214434,False
4.534534534534535,-0.9338208940723949,-25150.59100457802,False
4.544544544544545,-1.0389729221348616,-166198.92492064307,False
4.554554554554555,-1.066857266820564,-193600.725899372,False
4.564564564564565,-0.9997968889037471,-45566.07818139942,False
4.574574574574575,-1.094042847790552,-298036.90154827596,False
4.584584584584585,-1.0472090592895653,-134869.03427108607,False
4.594594594594595,-1.1128580489701614,-32809.57901298273,False
4.604604604604605,-0.7977243722685992,-814.1608173735052,False
4.614614614614615,-0.9916975382172535,-210987.80045981132,False
4.624624624624625,-1.0661237311674634,-53625.16623817658,False
4.634634634634635,-0.9755806624344959,-219319.37291263902,False
4.644644644644645,-1.0089390348902845,-1155174.598415326,False
4.654654654654655,-1.0204307966586106,-999745.941762146,False
4.664664664664665,-0.937444740969973,-348058.35955914704,False
4.674674674674675,-0.9235381288608937,-269815.51411586575,False
4.684684684684685,-1.0526663753061094,-906011.7436500974,False
4.694694694694695,-1.0574252842757166,-486213.7252158764,False
4.704704704704705,-1.0274756458140792,-221923.53989401352,False
4.714714714714715,-1.2301894119546906,-781.3191831461248,False
4.724724724724725,-1.1514430218904677,-4753.100323304494,False
4.734734734734735,-0.863062917275521,-31964.340620827443,False
4.744744744744745,-0.834979826570873,-10555.098429775924,False
4.754754754754755,-1.0240063087585467,-53761.791745718656,False
4.764764764764765,-0.9409730058240089,-73894.75728918515,False
4.774774774774775,-0.9669296219414915,-104465.59189212784,False
4.784784784784785,-0.6894924872771424,-59.10457487882795,False
4.794794794794795,-0.8846490707079706,-12632.543647854085,False
4.804804804804805,-1.0085244552852215,-29605.239485420036,False
4.814814814814815,-1.0903131026007342,-19107.322806802273,False
4.824824824824825,-1.1543303786457912,-5113.978839256654,False
4.834834834834835,-0.9721665043337282,-32695.600154012613,False
4.844844844844845,-1.0668756144921883,-219490.06255285858,False
4.854854854854855,-1.1320942611963027,-85384.84004153023,False
4.864864864864865,-1.0530553446016022,-121881.77172006399,False
4.874874874874875,-1.0949829855244244,-84554.83803397532,False
4.884884884884885,-0.8164452709864185,-39057.851623605355,False
4.894894894894895,-0.8952279956823967,-16105.072379645959,False
4.904904904904905,-0.9823232370445037,-108501.27025228726,False
4.914914914914915,-0.8315672121832184,-62158.59182442975,False
4.924924924924925,-0.9697622969172168,-79211.40222154926,False
4.934934934934935,-1.061467104536174,-111329.3042722001,False
4.944944944944945,-0.8207681049846206,-62272.64088290575,False
4.954954954954955,-0.9168338345058208,-15428.950238193458,False
4.964964964964965,-1.0719965143613497,-160954.08472149432,False
4.974974974974975,-0.9847558064664664,-25754.387252749108,False
4.984984984984985,-1.0506370389056188,-64348.56379140238,False
4.994994994994995,-1.0986119619526846,-106432.34409907507,False
5.005005005005005,-0.8648747846419104,-27600.56825220757,False
5.015015015015015,-0.7636154856479137,-474.13173112929127,False
5.025025025025025,-1.0913828712621958,-39997.45578066032,False
5.035035035035035,-0.892102811990245,-46633.3029713925,False
5.045045045045045,-1.0102425852055923,-214947.47631740684,False
5.055055055055055,-0.9905747529423642,-552932.7097889421,False
5.065065065065065,-0.9976911191734609,-2389178.7505881027,False
5.075075075075075,-1.02134628354148,-443036.8119876743,False
5.085085085085085,-0.9264968423942269,-189506.63910793167,False
5.095095095095095,-1.0107524947741608,-521715.63089394267,False
5.105105105105105,-0.8968273277170874,-108056.58855108717,False
5.115115115115115,-0.9250197768218145,-852807.2106497515,False
5.125125125125125,-0.9399215430429583,-1036626.7302958518,False
5.135135135135135,-1.0027220916519495,-128050.56556036515,False
5.145145145145145,-0.9654904671194671,-228661.13488275427,False
5.155155155155155,-0.8280308576856636,-55370.9843450406,False
5.165165165165165,-0.8491443704839428,-260541.35197373445,False
5.175175175175175,-0.9925676197304701,-73095.27302751911,False
5.185185185185185,-0.8803652110198448,-79100.58522164419,False
5.195195195195195,-0.8105568681113381,-296874.2696748417,False
5.205205205205205,-1.0479445012242163,-23166.409831673485,False
5.215215215215215,-0.8218880704119997,-354748.7609965208,False
5.225225225225225,-0.9376187848986031,-141372.32873290833,False
5.235235235235235,-0.8093415520538292,-298045.3324454345,False
5.245245245245245,-0.9376855315189752,-165386.26640391434,False
5.255255255255255,-1.0367197151111667,-84422.1029684716,False
5.265265265265265,-1.0137718440753898,-108128.39650882944,False
5.275275275275275,-0.840909929356122,-62606.160991225486,False
5.285285285285285,-0.8143622570527463,-87690.94704345275,False
5.295295295295295,-0.9252980518709936,-62074.63004631313,False
5.305305305305305,-0.7654553724539748,-6691.554137212132,False
5.315315315315315,-0.9898317566497487,-29486.782880967814,False
5.325325325325325,-0.8245703301094487,-79149.93851717316,False
5.335335335335335,-0.9332646106539827,-33700.42824547075,False
5.345345345345345,-0.871465863594847,-98952.10702362553,False
5.355355355355355,-0.7955808587705381,-86801.47798371191,False
5.365365365365365,-0.8803203438105771,-138907.38107583512,False
5.375375375375375,-0.8266132567545865,-248953.80939876338,False
5.385385385385385,-0.6813281434804751,-120278.14032980632,False
5.395395395395395,-0.8333679817099657,-218898.8309474898,False
5.405405405405405,-0.6857532313076083,-498886.00202773727,False
5.415415415415415,-0.8758596900401819,-5138.177010710347,False
5.425425425425425,-0.7033987077740468,-188001.88026655573,False
5.435435435435435,-0.6056365957081831,-1238.798244744083,False
5.445445445445445,-0.9902971110927242,-209.3792111353365,False
5.455455455455455,-0.8160869284389459,-30654.661838716303,False
5.465465465465465,-0.6718811453608866,-320869.5486704527,False
5.475475475475475,-0.7430107475080603,-54460.045971983316,False
5.485485485485485,-0.6786370576168852,-831434.1779282655,False
5.495495495495495,-0.7691238817448663,-47447.8061240589,False
5.505505505505505,-0.6929690885439519,-729720.3348090394,False
5.515515515515515,-0.710028192292328,-370206.0386353016,False
5.525525525525525,-0.570445079482468,-1594.1806328251605,False
5.535535535535535,-0.6544751588089727,-286735.3017052994,False
5.545545545545545,-0.6387828070790766,-192325.2391408264,False
5.555555555555555,-0.7062892115910692,-3648220.9092076826,False
5.565565565565565,-0.7063539362631716,-3555945.911532222,False
5.575575575575575,-0.6932750410175844,-2195787.1567800967,False
5.585585585585585,-0.6029347848000117,-186155.5272287467,False
5.595595595595595,-0.6767748577906734,-383803.1572688766,False
5.605605605605605,-0.5979317404539176,-170576.74355755094,False
5.615615615615615,-0.41153914674566094,-2139.662913813709,False
5.625625625625625,-0.5240747253271699,-18650.339139502456,False
5.635635635635635,-0.6358362773180137,-122186.50797658472,False
5.645645645645645,-0.4750988166000282,-12832.885447634697,False
5.655655655655655,-0.627954390088047,-137875.15621256627,False
5.665665665665665,-0.7828271184733677,-8606.745062286389,False
5.675675675675675,-0.6716330912580937,-42061.174129709594,False
5.685685685685685,-0.7496562511749183,-18149.942897488036,False
5.6956956956956954,-0.589424636462818,-64772.77993631852,False
5.7057057057057055,-0.544072141239864,-56548.157663151236,False
5.7157157157157155,-0.3698562387434695,-1676.1846473426576,False
5.7257257257257255,-0.49633936619801516,-67977.28465289825,False
5.7357357357357355,-0.5424212813256781,-52823.793253447104,False
5.7457457457457455,-0.42899764025084847,-49756.66956157014,False
5.7557557557557555,-0.7244274032614529,-5352.520225176641,False
5.7657657657657655,-0.47107765876117724,-34265.33705457898,False
5.7757757757757755,-0.40882827482068745,-84171.53743153972,False
5.7857857857857855,-0.6250004100229212,-4128.813556006163,False
5.7957957957957955,-0.35394556300877317,-14833.735835289537,False
5.8058058058058055,-0.4256035829547745,-91051.65920829051,False
5.8158158158158155,-0.49206823450242254,-27276.73417200692,False
5.8258258258258255,-0.37830233209925207,-298471.7527497927,False
5.8358358358358355,-0.20550806239581154,-31.23427164035974,False
5.8458458458458455,-0.40534420811846394,-286015.9766584775,False
5.8558558558558556,-0.3896198228799406,-287604.61598308594,False
5.865865865865866,-0.4512474924953856,-213080.83600859597,False
5.875875875875876,-0.4811247485340497,-101866.97663862338,False
5.885885885885886,-0.3038959459325731,-17428.034961311107,False
5.895895895895896,-0.4632883560461466,-111473.15075677111,False
5.905905905905906,-0.36123595227078176,-35403.62538801382,False
5.915915915915916,-0.4068340104681379,-45599.03472145573,False
5.925925925925926,-0.30180999456821805,-1051398.1604063392,False
5.935935935935936,-0.3069464374136222,-1368273.6280020522,False
5.945945945945946,-0.22712922517116313,-5244.632289878988,False
5.955955955955956,-0.37242227681590345,-121251.49799227608,False
5.965965965965966,-0.33891334161778996,-262884.00064074685,False
5.975975975975976,-0.40027617602200627,-37539.390951802714,False
5.985985985985986,-0.33727278650847253,-425364.643983915,False
5.995995995995996,-0.24552772449576346,-12898.260502974488,False
6.006006006006006,2.3020551568419307,-4.262121285088074e-05,False
6.016016016016016,-0.3562187493102468,-19869.53460395933,False
6.026026026026026,-0.16737368407124228,-40343.58791255911,False
6.036036036036036,-0.10907706523256624,-18224.165411681715,False
6.046046046046046,-0.1935794229398567,-25671.99621890449,False
6.056056056056056,-0.03750185500565925,-6710.830638146662,False
6.066066066066066,-0.29279631611190726,-24249.499338983795,False
6.076076076076076,-0.33009724176519867,-57499.78552407516,False
6.086086086086086,-0.3736975673637687,-4445.106665405643,False
6.096096096096096,-0.036395260749366165,-26959.59032688902,False
6.106106106106106,-0.11071863861844054,-42818.38165885537,False
6.116116116116116,-0.1718515330434545,-39896.731955931675,False
6.126126126126126,-0.12841740254295944,-147523.904997436,False
6.136136136136136,-0.2590686965018216,-4440.398508364056,False
6.146146146146146,0.10796456079721728,-2678.5160487080516,False
6.156156156156156,-0.11376567604684054,-1266065.6339620475,False
6.166166166166166,-0.10581277781472773,-1049083.233694182,False
6.176176176176176,-0.03422835940263351,-290521.32198157423,False
6.186186186186186,-0.04874616133020996,-1351680.33591763,False
6.196196196196196,-0.06449104076141579,-439726.1139324121,False
6.206206206206206,-0.1559505421456912,-16077.954686866184,False
6.216216216216216,-0.019772208650353014,-129530.74860811119,False
6.226226226226226,0.13127416277311668,-144416.58022046066,False
6.236236236236236,0.08761017941449276,-45581.80317910037,False
6.246246246246246,0.1223880016800333,-87085.54200595946,False
6.256256256256256,-0.07804736397750062,-43112.37799366171,False
6.266266266266266,-0.11587871576036271,-39840.45768238357,False
6.276276276276276,-0.019487667946644513,-77888.53704923672,False
6.286286286286286,0.008673465365698442,-115103.06494571241,False
6.296296296296296,0.12252976534148698,-29208.273274055045,False
6.306306306306306,-0.14612752379596797,-11577.339317518163,False
6.316316316316316,0.18607998029738984,-6403.492466081691,False
6.326326326326326,0.027326848567183176,-70378.63522142977,False
6.336336336336336,0.01043790013785171,-264999.79729380726,False
6.346346346346346,-0.038091384883336146,-56352.23952195257,False
6.356356356356356,-0.09237989352903528,-28446.254547218272,False
6.366366366366366,0.16540222790927828,-19875.39520762944,False
6.376376376376376,0.10038803699804334,-46804.43044250049,False
6.386386386386386,-0.025978103114158838,-681345.209769742,False
6.396396396396396,-0.016538466112709205,-737186.1283746407,False
6.406406406406406,0.08933104592393618,-81156.84468281807,False
6.416416416416417,0.2997394576736102,-806.8662283329398,False
6.426426426426427,0.11679264907329284,-426535.29282534815,False
6.436436436436437,0.002337664310601034,-26257.505765326103,False
6.446446446446447,0.13796253298208433,-1968366.4267319134,False
6.456456456456457,0.14513307608003578,-1566786.2398007608,False
6.466466466466467,-0.08743191250716617,-611.5525484974943,False
6.476476476476477,0.18666032183860798,-106011.33147440513,False
6.486486486486487,0.17881016487712123,-85451.24036658289,False
6.496496496496497,0.28131783315269254,-13248.821469081666,False
6.506506506506507,0.4063651729936676,-7961.275883328075,False
6.516516516516517,0.34387624215019647,-19297.197741535852,False
6.526526526526527,0.21405787774235452,-38252.78910103264,False
6.536536536536537,0.13999702079127122,-2801.398313527319,False
6.546546546546547,0.5176633419013523,-1211.450233465812,False
6.556556556556557,0.27590087022671944,-1347228.7853746314,False
6.566566566566567,0.2809965695117639,-11826190.518030738,False
6.576576576576577,0.28678772896985083,-6138342.2296149945,False
6.586586586586587,0.3185763334092929,-270491.8844088667,False
6.596596596596597,0.29386949941268553,-662729.2130870488,False
6.606606606606607,0.2604461311397953,-278909.1692767424,False
6.616616616616617,0.27260138430130354,-1206905.537506752,False
6.626626626626627,0.33345410399148345,-117091.51332097319,False
6.636636636636637,0.29179536637903825,-646735.1319978543,False
6.646646646646647,0.2842269948777358,-162463.39284721317,False
6.656656656656657,0.375492703498701,-40177.54013324375,False
6.666666666666667,0.34865350882913443,-78080.82721375041,False
6.676676676676677,0.5338145895185409,-94109.92997198389,False
6.686686686686687,0.12754395190351347,-513.8762533291343,False
6.696696696696697,0.510977917606705,-83932.51369648009,False
6.706706706706707,0.5355817884626664,-101994.51202779758,False
6.716716716716717,0.21273910346935151,-4744.638005002261,False
6.726726726726727,0.3948721331963742,-526888.2156687373,False
6.736736736736737,0.40101657221176973,-233614.74813464194,False
6.746746746746747,0.30638535208346673,-6513.79219323309,False
6.756756756756757,0.3782859127003882,-447530.37951276515,False
6.766766766766767,0.35389535909003367,-191734.55794637,False
6.776776776776777,0.6490187621205084,-10584.193703962152,False
6.786786786786787,0.5761508575583815,-143854.07308084425,False
6.796796796796797,0.618481473648908,-164070.68004237095,False
6.806806806806807,0.572186885861549,-469641.2543334815,False
6.816816816816817,0.39575811593950067,-79045.95138482407,False
6.826826826826827,0.46480391224806133,-27127.05162574742,False
6.836836836836837,0.5747342120459599,-120380.84362153888,False
6.846846846846847,0.4120721075281295,-22992.83631502581,False
6.856856856856857,0.6140193288694211,-139646.8152493211,False
6.866866866866867,0.5270671632697899,-782580.4853665571,False
6.876876876876877,0.5219426196693548,-717722.873183569,False
6.886886886886887,0.6387896405283959,-67974.76300422764,False
6.896896896896897,0.6203320355417214,-120004.50287153851,False
6.906906906906907,0.5479634430535419,-94988.70965961606,False
6.916916916916917,0.7080888727094466,-22103.60738763005,False
6.926926926926927,0.4920860586477447,-30360.087359777655,False
6.936936936936937,0.6697623121811205,-1234578.08449806,False
6.946946946946947,0.6753942991797369,-790424.2265959197,False
6.956956956956957,0.5929832200439196,-39541.56722251045,False
6.966966966966967,0.6643423385525803,-676165.0170100847,False
6.976976976976977,0.5143455521322264,-33617.05841143356,False
6.986986986986987,0.7395234118943987,-40210.87343517811,False
6.996996996996997,0.6362294553842548,-263998.847465176,False
7.007007007007007,0.6099807234717658,-260523.4355503181,False
7.017017017017017,0.7746209472044647,-25846.278727816283,False
7.027027027027027,0.6066855490762909,-342324.6126807414,False
7.037037037037037,0.5436058349513254,-438344.2571873364,False
7.047047047047047,0.5360525119726063,-542215.2851904064,False
7.057057057057057,0.7595105796818048,-80417.74536828125,False
7.067067067067067,0.5779907741542906,-34453.48811884842,False
7.077077077077077,0.888566508259977,-51939.74088598732,False
7.087087087087087,0.5118760789867742,-9468.550320013765,False
7.097097097097097,0.8966244357881273,-57658.50702427782,False
7.107107107107107,0.754917481977565,-113003.24711406922,False
7.117117117117117,0.7309078324252954,-244737.81053775395,False
7.127127127127127,0.6927764376534329,-11343.716321451859,False
7.137137137137137,0.7937962846039642,-139435.36963241684,False
7.147147147147147,0.7566579911211361,-210789.94891998975,False
7.157157157157157,0.8772142439375007,-23290.451409902762,False
7.167167167167167,0.7846925736031537,-1442998.757644239,False
7.177177177177177,0.7946082566640859,-975738.8272668165,False
7.187187187187187,0.7494470177718587,-41052.624335107284,False
7.197197197197197,0.7862650975323435,-386796.23639037105,False
7.207207207207207,0.8288119037716452,-101179.4781312184,False
7.217217217217217,0.6330069922436938,-4201.0623387600535,False
7.227227227227227,0.6751168311689604,-7607.31285869677,False
7.237237237237237,0.8900921695619113,-11498.464804487958,False
7.247247247247247,0.838600951460846,-382813.9477883295,False
7.257257257257257,0.8087824061981048,-284305.68173502333,False
7.267267267267267,0.834607582258695,-243464.4442424035,False
7.277277277277277,0.8730223660819608,-155612.16790918633,False
7.287287287287287,0.7897042404856393,-649551.4648194028,False
7.297297297297297,0.7711812126426744,-795484.8041085167,False
7.307307307307307,0.8738426168434495,-167188.086513399,False
7.317317317317317,0.7615816235203168,-286618.674396271,False
7.327327327327327,0.9053188734883794,-224938.11252117823,False
7.337337337337337,0.6992233123333526,-8185.501554956542,False
7.347347347347347,0.9772981897325735,-57765.16455275463,False
7.357357357357357,0.9264557148139675,-155396.2314349657,False
7.367367367367367,0.9095241856123422,-104637.14043927939,False
7.377377377377377,0.9868269877523588,-336844.7894661371,False
7.387387387387387,1.0596529779569128,-2425.440334050497,False
7.397397397397397,0.9990006954698053,-142481.46755608552,False
7.407407407407407,0.7178444858918682,-7394.484389675309,False
7.4174174174174174,0.7782520593148995,-21589.065475753287,False
7.4274274274274275,0.8479149434507631,-47879.61217731106,False
7.4374374374374375,0.9171017302020136,-51038.83989958262,False
7.4474474474474475,0.9702627195178153,-91166.21692553723,False
7.4574574574574575,0.8498345955569823,-992184.2325898994,False
7.4674674674674675,0.9449053878366418,-50210.268730615244,False
7.4774774774774775,0.854417345050036,-870894.3656255063,False
7.4874874874874875,0.8724376038263604,-236811.20068934656,False
7.4974974974974975,0.7964634751252881,-30817.923821763176,False
7.5075075075075075,0.8482525610017333,-597216.831234055,False
7.5175175175175175,0.8087594806545695,-251240.92194370282,False
7.5275275275275275,0.8495980904483407,-909383.7886598213,False
7.5375375375375375,1.0557121624660202,-1724.6014902330105,False
7.5475475475475475,0.8584754366229717,-516136.11554920935,False
7.5575575575575575,1.2196253429865087,-424.2938310271429,False
7.5675675675675675,1.0085949081092682,-115944.76011402618,False
7.5775775775775776,0.9805265942590762,-74214.90900442448,False
7.587587587587588,0.878890671549008,-94880.42865311785,False
7.597597597597598,1.037344240112678,-28340.777092002827,False
7.607607607607608,0.9122393478835262,-56326.29236488602,False
7.617617617617618,0.9843968165537655,-251877.9295914951,False
7.627627627627628,1.2304995799967198,-6363.581930491274,False
7.637637637637638,0.9670827837897362,-143149.12142235626,False
7.647647647647648,1.0937158902917692,-9546.614572586512,False
7.657657657657658,0.910472624963032,-102619.18886890182,False
7.667667667667668,0.9791948535795129,-76265.46990513116,False
7.677677677677678,1.1615787359643357,-36423.336098476764,False
7.687687687687688,0.9235082901545678,-157798.58603293676,False
7.697697697697698,1.1690573580538786,-34309.23038345957,False
7.707707707707708,1.0600962238375846,-383929.76733402646,False
7.717717717717718,0.934483751303771,-112897.65633314342,False
7.727727727727728,1.0552813307422364,-1002959.8263753728,False
7.737737737737738,1.090506727811052,-68179.3471318105,False
7.747747747747748,1.0565434818359045,-483020.45669769426,False
7.757757757757758,0.8383515818031352,-2483.6949397054696,False
7.767767767767768,0.9235721684412908,-25666.66389426979,False
7.777777777777778,0.9723460273887243,-346720.77396309254,False
7.787787787787788,0.9903666442800102,-523262.4489725406,False
7.797797797797798,1.0604893131656035,-149185.77586575976,False
7.807807807807808,1.0167042783650457,-360644.47788728937,False
7.817817817817818,0.8658117245929322,-7886.60538883565,False
7.827827827827828,1.0376777938074033,-821734.2182299636,False
7.837837837837838,1.0609282662816697,-988956.2878428869,False
7.847847847847848,1.05596023318596,-1505730.0217527237,False
7.857857857857858,1.1080705600090714,-21820.204565027565,False
7.867867867867868,1.083295803258278,-358927.3181762291,False
7.877877877877878,1.0456325062727314,-419930.00149478344,False
7.887887887887888,0.9924086668939073,-11568.612728755788,False
7.897897897897898,0.8329397425051691,-15517.629507743486,False
7.907907907907908,1.0415081527320247,-631617.8631047738,False
7.917917917917918,1.0187255406902194,-870370.5069019827,False
7.927927927927928,1.024425102115212,-741511.9000066248,False
7.937937937937938,0.8688028815949329,-142993.47219996693,False
7.947947947947948,0.8874827593823441,-132584.7418087453,False
7.957957957957958,1.099914615577548,-16606.89079296011,False
7.967967967967968,0.9895550733601648,-628419.5542384486,False
7.977977977977978,1.0604723677564645,-41060.59648057276,False
7.987987987987988,0.9938664147435128,-4677227.937427734,False
7.997997997997998,0.9926231690581413,-3655653.3712944523,False
8.008008008008009,1.0819897515299646,-38925.03444958908,False
8.018018018018019,0.934971700694981,-319745.4551237666,False
8.028028028028029,0.9945041993916569,-296354.3772994787,False
8.038038038038039,0.9368818553454702,-8437481.206556568,False
8.048048048048049,0.9377785169580741,-7155194.390990662,False
8.058058058058059,0.9483313643063799,-1290478.4924863114,False
8.068068068068069,0.9993842705863158,-23760.518359184807,False
8.078078078078079,0.9271204360268057,-389993.3195833289,False
8.088088088088089,1.0982976215146978,-28599.8327458907,False
8.098098098098099,0.8808905232759334,-5661.889839812325,False
8.108108108108109,0.9491961049470575,-134520.81566240432,False
8.118118118118119,0.9213451980165437,-128009.79072468105,False
8.128128128128129,1.10735440238373,-23094.845343196106,False
8.138138138138139,0.9795539440274377,-116429.14539223355,False
8.148148148148149,1.0602285914395027,-110161.1290583673,False
8.158158158158159,0.8055378759959597,-1209.7946967793016,False
8.168168168168169,0.9777531159951417,-116194.14501945022,False
8.178178178178179,1.0368700505705797,-170787.64955880187,False
8.188188188188189,0.9528992717656396,-81517.01432492236,False
8.198198198198199,1.0478881566596352,-362534.4264435644,False
8.208208208208209,0.8861861986829407,-110762.02277194038,False
8.218218218218219,1.075330733667013,-130019.3234637277,False
8.228228228228229,1.1606731219887845,-1754.502946788895,False
8.238238238238239,0.8907935095728262,-702705.3280600491,False
8.248248248248249,0.8787282768117781,-1033540.8946761941,False
8.258258258258259,1.064725627985216,-392112.06008344656,False
8.268268268268269,1.0733609240656854,-239918.86868330048,False
8.278278278278279,0.8590425130356697,-2068173.071499876,False
8.288288288288289,0.8651433256712344,-5952303.16377306,False
8.298298298298299,0.8747261409779391,-1685081.5366606675,False
8.308308308308309,0.7641116746868271,-50086.543037487696,False
8.318318318318319,0.8022536201660464,-538770.2106539721,False
8.328328328328329,0.789177236937717,-682382.3779800098,False
8.338338338338339,0.8081949193284073,-381484.3963387878,False
8.348348348348349,0.876800875338106,-55661.115244239394,False
8.358358358358359,0.8988973230501833,-125290.26322434658,False
8.368368368368369,1.0256446625870295,-3208.3620247652707,False
8.378378378378379,0.7657907396274551,-57349.25472028991,False
8.388388388388389,0.9590031786693172,-25493.154699471812,False
8.398398398398399,0.8340306207728624,-573317.9445081555,False
8.408408408408409,0.8452559870262465,-756410.1248957758,False
8.418418418418419,0.9123719701838954,-66353.27378273425,False
8.428428428428429,0.72722082425974,-29920.845659780825,False
8.438438438438439,0.8722528897320594,-389599.6359386731,False
8.448448448448449,0.845092457086007,-548020.7592712088,False
8.458458458458459,0.8720446738477624,-279805.854639708,False
8.468468468468469,0.8459862789465654,-70371.95187977658,False
8.478478478478479,1.056787425738542,-437.18516617377,False
8.488488488488489,0.741590122956387,-389483.19860406214,False
8.498498498498499,0.7462904384623346,-1794762.276436934,False
8.508508508508509,0.7310219954383048,-6624383.931630921,False
8.518518518518519,0.7316547584364468,-5825627.156768144,False
8.528528528528529,0.7172513026281366,-1922090.7966097177,False
8.538538538538539,0.8936009586951436,-70076.06178131544,False
8.548548548548549,0.9103813961540037,-37403.97134821819,False
8.558558558558559,0.7048110213994047,-361597.6500171499,False
8.568568568568569,0.6721284323496338,-39406.87264082991,False
8.578578578578579,0.7959081971177179,-81300.7657961044,False
8.588588588588589,0.6868719628540672,-102307.22745742455,False
8.598598598598599,0.7986407174131849,-23179.00160511781,False
8.608608608608609,0.7488194246495083,-44856.781947108044,False
8.618618618618619,0.5700592999644073,-1075.0685044995737,False
8.62862862862863,0.8694185131859918,-115929.4357897191,False
8.63863863863864,0.8872184326017454,-48586.7276291503,False
8.64864864864865,0.6392435642697821,-126357.70686100681,False
8.65865865865866,0.6545738533785017,-179022.98950845364,False
8.66866866866867,0.7146826518005519,-715539.1725153212,False
8.67867867867868,0.7122251486201636,-126612.4375447979,False
8.68868868868869,0.737249240443298,-138084.3428798778,False
8.6986986986987,0.8649633372069736,-18678.014773945768,False
8.70870870870871,0.6387297040144014,-69449.4582993732,False
8.71871871871872,0.569010472367889,-112565.17781969497,False
8.72872872872873,0.5032590306384427,-7666.099986892718,False
8.73873873873874,0.5603844590741824,-326413.57198814413,False
8.74874874874875,0.6223878013073902,-150675.3353848003,False
8.75875875875876,0.7973166256185305,-5003.734292109281,False
8.76876876876877,0.5581981407103632,-125758.20825258754,False
8.77877877877878,0.6243753795332871,-69804.084511756,False
8.78878878878879,0.592331288782619,-109000.61622006497,False
8.7987987987988,0.7047303839211762,-10034.843852758948,False
8.80880880880881,0.8304430713805313,-2556.554550446218,False
8.81881881881882,0.5164638334949241,-694250.6399413932,False
8.82882882882883,0.5123505798531341,-662214.2140788307,False
8.83883883883884,0.6573981837195549,-31742.32220296741,False
8.84884884884885,0.6128034083734984,-151220.77517024297,False
8.85885885885886,0.7208625853259583,-2599.3071009715422,False
8.86886886886887,0.5861085384903378,-404237.8475145726,False
8.87887887887888,0.48325750125228123,-19124.143118015447,False
8.88888888888889,0.5696711615435139,-512833.6660290773,False
8.8988988988989,0.6128438422607098,-36797.5634280125,False
8.90890890890891,0.5753392105763685,-1488847.2472533036,False
8.91891891891892,0.5352864763286688,-139560.23946035287,False
8.92892892892893,0.5824460703788803,-6830658.940814613,False
8.93893893893894,0.5838800159058423,-5851788.492560173,False
8.94894894894895,0.5962914232209727,-560702.562756769,False
8.95895895895896,0.5140256812102657,-30355.881145060557,False
8.96896896896897,0.42347704769438277,-82569.03696761785,False
8.97897897897898,0.4458502809568843,-79499.43655892999,False
8.98898898898899,0.5427766616560867,-25588.072877437982,False
8.998998998999,0.33133675382294714,-16937.99076995163,False
9.00900900900901,0.4407608223087206,-112138.37953935449,False
9.01901901901902,0.35538231077721044,-367668.5068405623,False
9.02902902902903,0.38837382454118,-246471.44078204854,False
9.03903903903904,0.504089051918819,-13992.17949710699,False
9.04904904904905,0.38606059643690044,-370397.46095304267,False
9.05905905905906,0.3622644001650298,-164249.2358739956,False
9.06906906906907,0.21226935355902565,-327.47716068830454,False
9.07907907907908,0.41347965160634237,-30615.637530518226,False
9.08908908908909,0.39396808744568923,-71069.98231039522,False
9.0990990990991,0.5362775083158805,-2467.4138721380396,False
9.10910910910911,0.2796745201213626,-40703.264878688235,False
9.11911911911912,0.3228365768560413,-402479.52221434686,False
9.12912912912913,0.3162989607563656,-960761.1902375912,False
9.13913913913914,0.43951577448217155,-9474.017417113642,False
9.14914914914915,0.2626225141400286,-191781.8159436849,False
9.15915915915916,0.29040857133745357,-400956.08237843047,False
9.16916916916917,0.31362411811138435,-193982.774732877,False
9.17917917917918,0.2617980939566576,-415606.1817920267,False
9.18918918918919,0.18877217247204747,-7609.5564102021635,False
9.1991991991992,0.24307949739168422,-207637.18574781858,False
9.20920920920921,0.3212662255986222,-63090.54463012388,False
9.21921921921922,0.10146264021136929,-72171.06706253604,False
9.22922922922923,0.20760180497660463,-55246.26539595909,False
9.23923923923924,0.11446395423691785,-158038.4777491443,False
9.24924924924925,0.29413341239238666,-64545.55284136894,False
9.25925925925926,0.012445275083540736,-6917.715786570163,False
9.26926926926927,0.09899048763578414,-138961.10036788107,False
9.27927927927928,0.18270704750970823,-15730.720668463691,False
9.28928928928929,0.2916269230615829,-146440.49228420958,False
9.2992992992993,0.1185746197712615,-87940.59646517549,False
9.30930930930931,0.0596922790222491,-27307.344085868055,False
9.31931931931932,0.2933789802448062,-25482.731052834424,False
9.32932932932933,-0.04949762245523402,-23200.09020074191,False
9.33933933933934,-0.13454588317637806,-636.8050643639958,False
9.34934934934935,0.11935855189777467,-96303.4848966499,False
9.35935935935936,0.015166528122292883,-26771.160432153727,False
9.36936936936937,-0.04674303772479352,-119519.69263754309,False
9.37937937937938,0.11621863307818821,-116087.16568986508,False
9.38938938938939,0.059761256734252935,-80706.10926945633,False
9.3993993993994,-0.031032025883458474,-124813.49498853472,False
9.40940940940941,-0.11266249348907188,-22918.822764127442,False
9.41941941941942,0.09260424853384956,-77083.10737701094,False
9.42942942942943,0.0603686659091186,-22949.583887457717,False
9.43943943943944,-0.02457853978428376,-56063.24418801145,False
9.44944944944945,0.1599947136984922,-869.3025999475567,False
9.45945945945946,-0.14168302321966003,-97588.73463502743,False
9.46946946946947,-0.197229149989316,-18550.487154584105,False
9.47947947947948,-0.12386504962010644,-252070.82293335185,False
9.48948948948949,-0.06922497567288019,-388716.9030293033,False
9.4994994994995,-0.050318080974409846,-182691.465103199,False
9.50950950950951,-0.10875380346869856,-70824.82955628754,False
9.51951951951952,-0.059394349907599384,-289891.9109860949,False
9.52952952952953,-0.2297140449958344,-4010.7119405635585,False
9.53953953953954,0.02986662167898063,-519.2209778699975,False
9.54954954954955,-0.13266321889472538,-193813.2845733869,False
9.55955955955956,-0.02264431059079111,-22025.568456984936,False
9.56956956956957,-0.11001368761387609,-5721567.232604496,False
9.57957957957958,-0.1085087714362177,-17754979.832000893,False
9.58958958958959,-0.10708978726485605,-6766798.819825354,False
9.5995995995996,-0.12916164184597767,-414832.4266186002,False
9.60960960960961,-0.11950877647757824,-845702.4241246552,False
9.61961961961962,-0.060695939304812596,-22896.075019352505,False
9.62962962962963,-0.18376981546398977,-87234.62617776221,False
9.63963963963964,-0.1423119140228261,-100272.68679611653,False
9.64964964964965,-0.2319548528008442,-54683.51610574562,False
9.65965965965966,-0.08871621281260308,-110212.14213651704,False
9.66966966966967,-0.310090496334689,-28684.617437669807,False
9.67967967967968,-0.07205626112204572,-26481.737780566167,False
9.68968968968969,-0.2658398724366458,-132511.1472956672,False
9.6996996996997,-0.4145491259109566,-1697.105365712576,False
9.70970970970971,-0.26828151122470273,-119411.61628487847,False
9.71971971971972,-0.3587892902169791,-169929.57543014697,False
9.72972972972973,-0.2161828149309417,-10687.667769058833,False
9.73973973973974,-0.37504252851497355,-537139.8807128277,False
9.74974974974975,-0.3639003948581745,-480907.45978997456,False
9.75975975975976,-0.5177060536928697,-23838.113614568836,False
9.76976976976977,-0.38341960081268867,-217831.76257526223,False
9.77977977977978,-0.5899800034868198,-1315.6044572554204,False
9.78978978978979,-0.5153506265695467,-85050.5298568099,False
9.7997997997998,-0.2902513847685317,-248890.79307089795,False
9.80980980980981,-0.2970086383326895,-334872.49124396266,False
9.81981981981982,-0.3423010680523544,-38055.456379164134,False
9.82982982982983,-0.4907640471314449,-37719.19746649167,False
9.83983983983984,-0.4080176917751526,-310887.73208520265,False
9.84984984984985,-0.41274652832376485,-419668.6066357996,False
9.85985985985986,-0.5373211407041705,-13672.945921311924,False
9.86986986986987,-0.28020100644032664,-5811.334073086099,False
9.87987987987988,-0.351817632430658,-18566.429098986016,False
9.88988988988989,-0.47061926068117427,-560718.6349683154,False
9.8998998998999,-0.454758299460369,-1959323.1123758361,False
9.90990990990991,-0.4454868066942843,-627416.7228529545,False
9.91991991991992,-0.6793300529369966,-349.2565202926123,False
9.92992992992993,-0.5086581725190455,-101642.09352337447,False
9.93993993993994,-0.5608742366671942,-111090.4673247105,False
9.94994994994995,-0.6015238246051932,-41581.06588494385,False
9.95995995995996,-0.5381076284667244,-72543.29421788862,False
9.96996996996997,-0.33881362056966347,-1565.7411033308208,False
9.97997997997998,-0.4630306995387225,-36834.2183451808,False
9.98998998998999,-0.5927127804156241,-4884.710251738852,False
10.0,-0.4867628327537539,-13040.30642878737,False
